size_class,numel,dtype,provider,latency_ms,effective_gb_s
small,4096,float32,torch.add,0.009386802554889849,5.236287832047276
small,4096,float32,my_ops_cuda_scalar,0.009386872904869156,5.23624858865447
small,4096,float32,triton_phase3_adapted,0.00947351977818874,5.188356719660268
medium,1048576,float32,torch.add,0.04310684448315038,291.90055896850475
medium,1048576,float32,my_ops_cuda_scalar,0.04465512406370825,281.77980162026427
medium,1048576,float32,triton_phase3_adapted,0.04546629890114411,276.7525024932998
large,16777216,float32,torch.add,0.5880811827050315,342.34489713468855
large,16777216,float32,my_ops_cuda_scalar,0.5891023069047011,341.751491447764
large,16777216,float32,triton_phase3_adapted,0.5885250851843092,342.08667917179815
